kind,idx,failed_u,failed_v,outages,avg_delta_pmus,max_delta_pmus,avg_cov_fixed,avg_cov_reopt,is_critical
line,0,265,269,50,0.46,3,99.51333333333334,100.0,True
line,1,270,271,50,0.46,3,99.51333333333334,100.0,True
line,2,270,267,50,0.46,3,99.51333333333334,100.0,True
line,3,270,267,50,0.46,3,99.51333333333334,100.0,True
line,4,272,266,50,0.46,3,99.51333333333334,100.0,True
line,5,272,266,50,0.46,3,99.51333333333334,100.0,True
line,6,266,273,50,0.46,3,99.51333333333334,100.0,True
line,7,273,275,50,0.46,3,99.51333333333334,100.0,True
line,8,271,267,50,0.46,3,99.51333333333334,100.0,True
line,9,267,290,50,0.46,3,99.51333333333334,100.0,True
line,10,290,268,50,0.46,3,99.51333333333334,100.0,True
line,11,272,298,50,0.46,3,99.18666666666667,100.0,True
line,12,0,4,50,0.68,3,99.49333333333334,100.0,True
line,13,1,5,50,0.68,3,99.50666666666666,100.0,True
line,14,1,7,50,0.46,3,99.51333333333334,100.0,True
line,15,2,6,50,0.54,3,99.51333333333334,100.0,True
line,16,2,17,50,-0.18,2,99.18,100.0,False
line,17,2,128,50,0.48,3,99.50666666666666,100.0,True
line,18,3,15,50,0.46,3,99.51333333333334,100.0,True
line,19,4,8,50,0.46,3,99.51333333333334,100.0,True
line,20,6,11,50,-0.24,2,99.51333333333334,100.0,False
line,21,6,109,50,0.46,3,99.51333333333334,100.0,True
line,22,7,10,50,-0.16,2,99.50666666666666,100.0,False
line,23,7,13,50,0.46,3,99.51333333333334,100.0,True
line,24,8,10,50,1.46,4,99.18,100.0,True
line,25,10,12,50,0.54,3,99.50666666666666,100.0,True
line,26,11,19,50,0.52,3,99.51333333333334,100.0,True
line,27,12,18,50,0.46,3,99.51333333333334,100.0,True
line,28,13,14,50,0.48,3,99.18,100.0,True
line,29,14,30,50,0.46,3,99.51333333333334,100.0,True
line,30,14,73,50,0.46,3,99.51333333333334,100.0,True
line,31,14,74,50,0.46,3,99.51333333333334,100.0,True
line,32,15,35,50,-0.36,3,99.50666666666666,100.0,False
line,33,17,19,50,0.46,3,99.51333333333334,100.0,True
line,34,17,71,50,0.46,3,99.51333333333334,100.0,True
line,35,18,20,50,0.48,3,99.51333333333334,100.0,True
line,36,18,25,50,0.44,3,99.51333333333334,100.0,True
line,37,19,22,50,0.46,3,99.51333333333334,100.0,True
line,38,20,21,50,0.52,3,99.51333333333334,100.0,True
line,39,21,23,50,0.52,3,99.51333333333334,100.0,True
line,40,22,230,50,1.48,4,99.18666666666667,100.0,True
line,41,23,24,50,0.5,3,99.51333333333334,100.0,True
line,42,24,25,50,0.48,3,99.50666666666666,100.0,True
line,43,24,231,50,1.22,4,99.18,100.0,True
line,44,26,31,50,0.46,3,99.51333333333334,100.0,True
line,45,26,33,50,0.42,3,99.18,100.0,True
line,46,26,34,50,0.46,3,99.51333333333334,100.0,True
line,47,27,35,50,-0.34,3,99.18,100.0,False
line,48,28,59,50,0.46,3,99.51333333333334,100.0,True
line,49,28,62,50,0.48,3,99.50666666666666,100.0,True
line,50,28,63,50,0.36,2,99.51333333333334,100.0,True
line,51,29,72,50,0.46,3,99.51333333333334,100.0,True
line,52,30,31,50,0.38,3,99.51333333333334,100.0,True
line,53,30,33,50,0.46,3,99.51333333333334,100.0,True
line,54,30,34,50,0.44,3,99.51333333333334,100.0,True
line,55,30,42,50,0.38,3,99.51333333333334,100.0,True
line,56,30,73,50,0.44,3,99.51333333333334,100.0,True
line,57,30,74,50,0.44,3,99.51333333333334,100.0,True
line,58,31,34,50,0.46,3,99.51333333333334,100.0,True
line,59,31,36,50,0.46,3,99.51333333333334,100.0,True
line,60,32,35,50,-0.34,3,99.51333333333334,100.0,False
line,61,33,41,50,0.4,3,99.51333333333334,100.0,True
line,62,34,42,50,0.46,3,99.51333333333334,100.0,True
line,63,34,43,50,0.46,3,99.51333333333334,100.0,True
line,64,35,39,50,0.58,3,99.50666666666666,100.0,True
line,65,36,37,50,0.4,3,99.51333333333334,100.0,True
line,66,36,41,50,0.48,3,99.50666666666666,100.0,True
line,67,36,45,50,0.48,3,99.18,100.0,True
line,68,37,40,50,0.6,4,99.51333333333334,100.0,True
line,69,37,46,50,0.46,3,99.51333333333334,100.0,True
line,70,38,51,50,0.46,3,99.51333333333334,100.0,True
line,71,38,61,50,0.46,3,99.51333333333334,100.0,True
line,72,39,67,50,0.46,3,99.51333333333334,100.0,True
line,73,40,60,50,0.46,3,99.51333333333334,100.0,True
line,74,40,91,50,0.46,3,99.18,100.0,True
line,75,41,86,50,0.46,3,99.51333333333334,100.0,True
line,76,42,43,50,1.36,4,99.18666666666667,100.0,True
line,77,43,44,50,0.46,3,99.51333333333334,100.0,True
line,78,44,47,50,1.38,4,99.18,100.0,True
line,79,45,46,50,0.46,3,99.51333333333334,100.0,True
line,80,46,47,50,0.46,3,99.50666666666666,100.0,True
line,81,47,48,50,1.36,4,99.51333333333334,100.0,True
line,82,48,49,50,1.44,4,99.18,100.0,True
line,83,48,54,50,0.46,3,99.51333333333334,100.0,True
line,84,49,50,50,0.46,3,99.51333333333334,100.0,True
line,85,50,52,50,1.44,4,99.18,100.0,True
line,86,51,53,50,1.46,4,99.18,100.0,True
line,87,53,55,50,0.5,3,99.51333333333334,100.0,True
line,88,53,122,50,0.48,3,99.50666666666666,100.0,True
line,89,54,235,50,0.5,3,99.18,100.0,True
line,90,56,189,50,1.96,4,99.18666666666667,100.0,True
line,91,56,65,50,0.52,4,99.51333333333334,100.0,True
line,92,57,58,50,0.58,4,99.51333333333334,100.0,True
line,93,57,236,50,0.46,3,99.18,100.0,True
line,94,58,59,50,0.46,3,99.51333333333334,100.0,True
line,95,58,60,50,0.46,3,99.51333333333334,100.0,True
line,96,59,63,50,0.36,2,99.51333333333334,100.0,True
line,97,59,237,50,0.46,3,99.18666666666667,100.0,True
line,98,60,62,50,0.46,3,99.51333333333334,100.0,True
line,99,60,65,50,0.46,3,99.51333333333334,100.0,True
line,100,61,72,50,0.48,3,99.50666666666666,100.0,True
line,101,61,239,50,0.48,3,99.18,100.0,True
line,102,62,63,50,0.5,2,99.51333333333334,100.0,True
line,103,63,64,50,0.34,2,99.51333333333334,100.0,True
line,104,63,66,50,0.36,2,99.51333333333334,100.0,True
line,105,63,238,50,1.32,3,99.18,100.0,True
line,106,63,240,50,1.32,3,99.19333333333334,100.0,True
line,107,64,65,50,0.46,3,99.50666666666666,100.0,True
line,108,64,68,50,0.46,3,99.18,100.0,True
line,109,65,189,50,1.96,4,99.50666666666666,100.0,True
line,110,66,189,50,0.46,3,99.51333333333334,100.0,True
line,111,67,172,50,0.42,2,99.51333333333334,100.0,True
line,112,67,173,50,0.42,2,99.18,100.0,True
line,113,69,70,50,0.5,3,99.5,100.0,True
line,114,70,71,50,1.44,4,99.18,100.0,True
line,115,70,233,50,1.44,4,99.18,100.0,True
line,116,73,75,50,0.46,3,99.51333333333334,100.0,True
line,117,74,76,50,0.46,3,99.51333333333334,100.0,True
line,118,75,77,50,0.46,3,99.51333333333334,100.0,True
line,119,75,78,50,0.48,3,99.18,100.0,True
line,120,76,83,50,0.46,3,99.50666666666666,100.0,True
line,121,76,85,50,0.48,3,99.18,100.0,True
line,122,77,78,50,0.48,3,99.18,100.0,True
line,123,78,81,50,0.46,3,99.51333333333334,100.0,True
line,124,78,82,50,0.48,3,99.51333333333334,100.0,True
line,125,78,83,50,0.46,3,99.51333333333334,100.0,True
line,126,79,81,50,0.46,3,99.51333333333334,100.0,True
line,127,79,82,50,0.46,3,99.18,100.0,True
line,128,80,86,50,0.46,3,99.18666666666667,100.0,True
line,129,80,87,50,0.48,3,99.51333333333334,100.0,True
line,130,80,88,50,0.52,4,99.5,100.0,True
line,131,80,89,50,0.42,3,99.18,100.0,True
line,132,81,82,50,0.46,3,99.51333333333334,100.0,True
line,133,82,84,50,0.46,3,99.51333333333334,100.0,True
line,134,83,85,50,0.46,3,99.51333333333334,100.0,True
line,135,84,87,50,0.46,3,99.51333333333334,100.0,True
line,136,84,232,50,0.46,3,99.18666666666667,100.0,True
line,137,85,86,50,0.48,3,99.51333333333334,100.0,True
line,138,85,89,50,0.46,3,99.51333333333334,100.0,True
line,139,87,234,50,0.46,3,99.18,100.0,True
line,140,88,89,50,0.46,3,99.51333333333334,100.0,True
line,141,88,91,50,0.48,3,99.51333333333334,100.0,True
line,142,88,92,50,0.5,4,99.50666666666666,100.0,True
line,143,89,90,50,0.46,3,99.51333333333334,100.0,True
line,144,90,92,50,1.4,4,99.18666666666667,100.0,True
line,145,93,100,50,0.5,3,99.18666666666667,100.0,True
line,146,94,98,50,0.48,3,99.50666666666666,100.0,True
line,147,95,96,50,-0.4,2,99.51333333333334,100.0,False
line,148,96,97,50,-0.44,2,99.51333333333334,100.0,False
line,149,96,244,50,-0.44,2,99.50666666666666,100.0,False
line,150,244,98,50,0.46,3,99.51333333333334,100.0,True
line,151,96,99,50,-0.44,2,99.51333333333334,100.0,False
line,152,97,98,50,0.48,3,99.51333333333334,100.0,True
line,153,97,99,50,0.46,3,99.51333333333334,100.0,True
line,154,100,101,50,0.5,3,99.51333333333334,100.0,True
line,155,100,103,50,0.5,3,99.51333333333334,100.0,True
line,156,101,102,50,0.48,3,99.18,100.0,True
line,157,101,103,50,0.46,3,99.51333333333334,100.0,True
line,158,103,104,50,0.46,3,99.18,100.0,True
line,159,105,106,50,0.46,3,99.51333333333334,100.0,True
line,160,105,112,50,0.5,3,99.51333333333334,100.0,True
line,161,105,146,50,0.46,3,99.51333333333334,100.0,True
line,162,106,108,50,0.62,3,99.5,100.0,True
line,163,106,111,50,0.46,3,99.51333333333334,100.0,True
line,164,107,108,50,0.5,3,99.51333333333334,100.0,True
line,165,107,111,50,0.46,3,99.51333333333334,100.0,True
line,166,108,110,50,0.5,3,99.51333333333334,100.0,True
line,167,108,129,50,0.48,3,99.18,100.0,True
line,168,108,145,50,1.46,4,99.18,100.0,True
line,169,108,146,50,0.58,3,99.50666666666666,100.0,True
line,170,111,115,50,0.52,3,99.51333333333334,100.0,True
line,171,111,146,50,0.46,3,99.50666666666666,100.0,True
line,172,111,147,50,0.5,3,99.5,100.0,True
line,173,112,113,50,0.52,3,99.18,100.0,True
line,174,112,162,50,0.46,3,99.51333333333334,100.0,True
line,175,113,114,50,0.46,3,99.51333333333334,100.0,True
line,176,114,115,50,1.44,4,99.18,100.0,True
line,177,114,130,50,0.46,3,99.51333333333334,100.0,True
line,178,115,118,50,0.5,3,99.51333333333334,100.0,True
line,179,115,159,50,0.54,3,99.51333333333334,100.0,True
line,180,115,164,50,0.46,3,99.18,100.0,True
line,181,115,166,50,0.46,3,99.18666666666667,100.0,True
line,182,117,150,50,0.46,3,99.51333333333334,100.0,True
line,183,118,119,50,1.42,4,99.18666666666667,100.0,True
line,184,118,120,50,0.46,3,99.51333333333334,100.0,True
line,185,118,123,50,0.46,3,99.51333333333334,100.0,True
line,186,118,124,50,0.48,3,99.18,100.0,True
line,187,118,125,50,1.42,4,99.18666666666667,100.0,True
line,188,118,160,50,0.46,3,99.51333333333334,100.0,True
line,189,119,124,50,0.5,3,99.51333333333334,100.0,True
line,190,120,121,50,0.52,3,99.50666666666666,100.0,True
line,191,121,123,50,0.5,3,99.50666666666666,100.0,True
line,192,121,127,50,0.56,3,99.18,100.0,True
line,193,123,124,50,0.46,3,99.51333333333334,100.0,True
line,194,123,127,50,0.48,3,99.51333333333334,100.0,True
line,195,124,125,50,0.5,3,99.51333333333334,100.0,True
line,196,130,131,50,0.5,3,99.18,100.0,True
line,197,131,139,50,0.5,3,99.51333333333334,100.0,True
line,198,132,134,50,0.48,3,99.51333333333334,100.0,True
line,199,132,161,50,0.46,3,99.51333333333334,100.0,True
line,200,133,139,50,0.46,3,99.51333333333334,100.0,True
line,201,135,137,50,0.48,3,99.51333333333334,100.0,True
line,202,136,137,50,0.52,3,99.51333333333334,100.0,True
line,203,136,138,50,0.52,3,99.51333333333334,100.0,True
line,204,140,142,50,0.5,3,99.51333333333334,100.0,True
line,205,140,143,50,0.46,3,99.18,100.0,True
line,206,141,142,50,0.5,3,99.51333333333334,100.0,True
line,207,143,144,50,0.48,3,99.51333333333334,100.0,True
line,208,145,147,50,0.46,3,99.51333333333334,100.0,True
line,209,150,151,50,0.48,3,99.50666666666666,100.0,True
line,210,150,152,50,0.46,3,99.51333333333334,100.0,True
line,211,151,152,50,2.3,5,99.18,100.0,True
line,212,151,153,50,2.3,5,99.18,100.0,True
line,213,151,154,50,2.3,5,99.18,100.0,True
line,214,153,154,50,0.46,3,99.51333333333334,100.0,True
line,215,153,157,50,0.46,3,99.51333333333334,100.0,True
line,216,154,155,50,0.46,3,99.51333333333334,100.0,True
line,217,155,156,50,1.48,4,99.18,100.0,True
line,218,156,157,50,1.44,4,99.18,100.0,True
line,219,156,158,50,1.46,4,99.18666666666667,100.0,True
line,220,159,116,50,0.46,3,99.2,100.0,True
line,221,159,165,50,0.46,3,99.18,100.0,True
line,222,162,163,50,0.48,3,99.18,100.0,True
line,223,164,166,50,0.46,3,99.51333333333334,100.0,True
line,224,165,166,50,0.54,3,99.51333333333334,100.0,True
line,225,166,116,50,0.54,3,99.51333333333334,100.0,True
line,226,167,186,50,0.56,4,99.51333333333334,100.0,True
line,227,167,187,50,0.48,3,99.18,100.0,True
line,228,168,209,50,-0.38,1,99.51333333333334,100.0,False
line,229,169,170,50,0.5,3,99.51333333333334,100.0,True
line,230,170,203,50,-0.28,2,99.18666666666667,100.0,False
line,231,171,183,50,0.46,3,99.51333333333334,100.0,True
line,232,171,186,50,0.48,3,99.18,100.0,True
line,233,172,197,50,0.48,3,99.51333333333334,100.0,True
line,234,172,241,50,0.48,3,99.18666666666667,100.0,True
line,235,173,197,50,0.48,3,99.51333333333334,100.0,True
line,236,174,175,50,0.46,3,99.51333333333334,100.0,True
line,237,174,188,50,1.26,3,99.18,100.0,True
line,238,175,176,50,0.36,2,99.51333333333334,100.0,True
line,239,175,189,50,1.94,4,99.18,100.0,True
line,240,176,181,50,0.36,2,99.51333333333334,100.0,True
line,241,176,188,50,0.36,2,99.51333333333334,100.0,True
line,242,176,189,50,0.46,3,99.51333333333334,100.0,True
line,243,177,178,50,0.5,3,99.51333333333334,100.0,True
line,244,177,188,50,1.26,3,99.18,100.0,True
line,245,178,188,50,1.26,3,99.19333333333334,100.0,True
line,246,179,182,50,1.36,3,99.18666666666667,100.0,True
line,247,181,189,50,1.88,4,99.18,100.0,True
line,248,182,183,50,1.28,3,99.19333333333334,100.0,True
line,249,183,184,50,0.48,3,99.51333333333334,100.0,True
line,250,184,185,50,0.46,3,99.51333333333334,100.0,True
line,251,184,186,50,0.58,4,99.18,100.0,True
line,252,190,193,50,0.46,3,99.51333333333334,100.0,True
line,253,192,193,50,1.2,3,99.18,100.0,True
line,254,192,220,50,0.46,3,99.50666666666666,100.0,True
line,255,193,194,50,0.46,3,99.51333333333334,100.0,True
line,256,194,195,50,-0.34,1,99.18,100.0,False
line,257,195,196,50,-0.34,1,99.50666666666666,100.0,False
line,258,195,198,50,-0.3,2,99.51333333333334,100.0,False
line,259,197,215,50,0.48,3,99.51333333333334,100.0,True
line,260,198,196,50,0.42,3,99.51333333333334,100.0,True
line,261,198,199,50,-0.4,2,99.51333333333334,100.0,False
line,262,198,216,50,-0.4,2,99.51333333333334,100.0,False
line,263,199,201,50,0.56,3,99.18,100.0,True
line,264,202,203,50,-0.3,2,99.18,100.0,False
line,265,202,204,50,0.46,3,99.51333333333334,100.0,True
line,266,203,169,50,-0.28,2,99.18666666666667,100.0,False
line,267,206,207,50,0.46,3,99.51333333333334,100.0,True
line,268,206,212,50,0.38,3,99.51333333333334,100.0,True
line,269,209,215,50,-0.34,1,99.51333333333334,100.0,False
line,270,212,213,50,-0.34,2,99.51333333333334,100.0,False
line,271,213,216,50,0.5,3,99.51333333333334,100.0,True
line,272,218,229,50,0.48,3,99.18666666666667,100.0,True
line,273,221,222,50,0.5,3,99.18,100.0,True
line,274,221,223,50,0.46,3,99.51333333333334,100.0,True
line,275,222,224,50,0.46,3,99.51333333333334,100.0,True
line,276,223,224,50,0.46,3,99.18666666666667,100.0,True
line,277,223,225,50,0.46,3,99.18,100.0,True
line,278,224,225,50,0.48,3,99.51333333333334,100.0,True
line,279,225,226,50,0.46,3,99.51333333333334,100.0,True
line,280,226,227,50,1.3,3,99.18,100.0,True
line,281,227,228,50,1.46,4,99.18,100.0,True
line,282,174,245,50,0.46,3,99.51333333333334,100.0,True
trafo,0,30,265,50,0.44,3,99.51333333333334,100.0,True
trafo,1,265,270,50,0.46,3,99.51333333333334,100.0,True
trafo,2,265,272,50,0.46,3,99.51333333333334,100.0,True
trafo,3,269,291,50,1.42,4,99.19333333333334,100.0,True
trafo,4,269,292,50,1.46,4,99.18,100.0,True
trafo,5,269,293,50,0.5,3,99.51333333333334,100.0,True
trafo,6,269,294,50,1.46,4,99.18,100.0,True
trafo,7,269,295,50,1.46,4,99.18,100.0,True
trafo,8,273,274,50,0.46,3,99.18666666666667,100.0,True
trafo,9,266,276,50,0.48,3,99.18,100.0,True
trafo,10,275,277,50,1.44,4,99.18,100.0,True
trafo,11,275,278,50,1.44,4,99.18666666666667,100.0,True
trafo,12,271,296,50,1.4,4,99.19333333333334,100.0,True
trafo,13,271,297,50,1.4,4,99.18666666666667,100.0,True
trafo,14,267,279,50,1.46,4,99.18,100.0,True
trafo,15,267,280,50,1.44,4,99.18666666666667,100.0,True
trafo,16,267,281,50,1.42,4,99.19333333333334,100.0,True
trafo,17,268,287,50,1.44,4,99.18666666666667,100.0,True
trafo,18,268,288,50,1.46,4,99.18,100.0,True
trafo,19,268,289,50,1.44,4,99.18666666666667,100.0,True
trafo,20,267,282,50,1.46,4,99.18,100.0,True
trafo,21,267,283,50,1.46,4,99.18,100.0,True
trafo,22,267,284,50,1.46,4,99.18,100.0,True
trafo,23,267,285,50,1.44,4,99.18666666666667,100.0,True
trafo,24,267,286,50,1.44,4,99.18666666666667,100.0,True
trafo,25,293,299,50,0.48,3,99.19333333333334,100.0,True
trafo,26,27,26,50,0.46,3,99.51333333333334,100.0,True
trafo,27,35,34,50,0.46,3,99.51333333333334,100.0,True
trafo,28,105,104,50,-0.42,2,99.51333333333334,100.0,False
trafo,29,107,104,50,0.46,3,99.51333333333334,100.0,True
trafo,30,110,104,50,0.46,3,99.51333333333334,100.0,True
trafo,31,135,104,50,0.46,3,99.18666666666667,100.0,True
trafo,32,136,104,50,0.46,3,99.18,100.0,True
trafo,33,147,104,50,-0.4,2,99.51333333333334,100.0,False
trafo,34,111,149,50,0.52,3,99.20666666666666,100.0,True
trafo,35,126,156,50,0.46,3,99.51333333333334,100.0,True
trafo,36,126,157,50,0.44,3,99.51333333333334,100.0,True
trafo,37,168,218,50,-0.5,2,99.51333333333334,100.0,False
trafo,38,176,180,50,0.38,2,99.51333333333334,100.0,True
trafo,39,192,191,50,1.2,3,99.18666666666667,100.0,True
trafo,40,197,195,50,0.44,2,99.51333333333334,100.0,True
trafo,41,215,200,50,1.44,4,99.18666666666667,100.0,True
trafo,42,209,204,50,0.48,2,99.19333333333334,100.0,True
trafo,43,209,205,50,0.56,2,99.18666666666667,100.0,True
trafo,44,209,206,50,0.44,2,99.51333333333334,100.0,True
trafo,45,168,207,50,-0.5,2,99.51333333333334,100.0,False
trafo,46,209,210,50,-0.34,1,99.51333333333334,100.0,False
trafo,47,210,211,50,0.46,3,99.18,100.0,True
trafo,48,215,212,50,0.46,3,99.51333333333334,100.0,True
trafo,49,215,219,50,1.44,4,99.18,100.0,True
trafo,50,220,223,50,0.46,3,99.51333333333334,100.0,True
trafo,51,220,225,50,0.46,3,99.51333333333334,100.0,True
trafo,52,2,0,50,-0.22,2,99.51333333333334,100.0,False
trafo,53,2,1,50,-0.24,2,99.51333333333334,100.0,False
trafo,54,3,2,50,1.46,4,99.18,100.0,True
trafo,55,6,4,50,-0.24,2,99.50666666666666,100.0,False
trafo,56,6,5,50,-0.24,2,99.51333333333334,100.0,False
trafo,57,9,10,50,-0.2,3,99.51333333333334,100.0,False
trafo,58,11,9,50,0.58,3,99.49333333333334,100.0,True
trafo,59,14,16,50,0.46,3,99.51333333333334,100.0,True
trafo,60,15,14,50,0.48,3,99.50666666666666,100.0,True
trafo,61,19,18,50,0.46,3,99.51333333333334,100.0,True
trafo,62,22,21,50,0.48,3,99.51333333333334,100.0,True
trafo,63,29,28,50,0.48,3,99.18,100.0,True
trafo,64,38,37,50,0.48,3,99.50666666666666,100.0,True
trafo,65,39,38,50,0.46,3,99.51333333333334,100.0,True
trafo,66,53,52,50,0.5,3,99.51333333333334,100.0,True
trafo,67,55,54,50,0.46,3,99.51333333333334,100.0,True
trafo,68,61,60,50,0.46,3,99.51333333333334,100.0,True
trafo,69,67,72,50,0.46,3,99.51333333333334,100.0,True
trafo,70,69,80,50,0.48,3,99.51333333333334,100.0,True
trafo,71,70,82,50,0.46,3,99.51333333333334,100.0,True
trafo,72,71,77,50,0.46,3,99.51333333333334,100.0,True
trafo,73,92,185,50,1.36,4,99.18,100.0,True
trafo,74,94,102,50,0.48,3,99.51333333333334,100.0,True
trafo,75,99,93,50,0.46,3,99.51333333333334,100.0,True
trafo,76,135,100,50,0.52,3,99.51333333333334,100.0,True
trafo,77,108,109,50,0.68,3,99.51333333333334,100.0,True
trafo,78,108,128,50,0.46,3,99.51333333333334,100.0,True
trafo,79,110,148,50,0.46,3,99.18,100.0,True
trafo,80,119,152,50,0.46,3,99.51333333333334,100.0,True
trafo,81,120,153,50,0.46,3,99.51333333333334,100.0,True
trafo,82,121,122,50,0.46,3,99.51333333333334,100.0,True
trafo,83,121,126,50,0.52,3,99.5,100.0,True
trafo,84,123,158,50,0.48,3,99.51333333333334,100.0,True
trafo,85,129,148,50,0.46,3,99.51333333333334,100.0,True
trafo,86,131,161,50,0.5,3,99.51333333333334,100.0,True
trafo,87,133,134,50,0.46,3,99.51333333333334,100.0,True
trafo,88,137,95,50,0.46,3,99.18,100.0,True
trafo,89,138,102,50,0.48,3,99.18,100.0,True
trafo,90,141,115,50,-0.52,2,99.18666666666667,100.0,False
trafo,91,142,133,50,-0.5,2,99.18,100.0,False
trafo,92,160,117,50,0.5,3,99.51333333333334,100.0,True
trafo,93,188,167,50,1.3,3,99.51333333333334,100.0,True
trafo,94,174,171,50,0.44,3,99.51333333333334,100.0,True
trafo,95,173,190,50,0.48,3,99.51333333333334,100.0,True
trafo,96,178,226,50,0.46,3,99.51333333333334,100.0,True
trafo,97,56,179,50,0.44,3,99.51333333333334,100.0,True
trafo,98,189,180,50,1.88,4,99.18666666666667,100.0,True
trafo,99,245,182,50,1.42,4,99.18,100.0,True
trafo,100,176,187,50,0.38,2,99.51333333333334,100.0,True
trafo,101,190,189,50,1.92,4,99.18666666666667,100.0,True
trafo,102,197,196,50,0.48,3,99.51333333333334,100.0,True
trafo,103,202,201,50,0.54,3,99.51333333333334,100.0,True
trafo,104,207,208,50,0.48,3,99.18,100.0,True
trafo,105,212,214,50,0.5,3,99.18,100.0,True
trafo,106,216,217,50,0.56,3,99.18,100.0,True
trafo,107,97,242,50,0.48,3,99.19333333333334,100.0,True
trafo,108,98,243,50,0.52,3,99.18666666666667,100.0,True
trafo,109,1,247,50,0.68,3,99.18666666666667,100.0,True
trafo,110,2,248,50,1.44,4,99.18666666666667,100.0,True
trafo,111,52,259,50,1.44,4,99.18666666666667,100.0,True
trafo,112,53,260,50,1.46,4,99.18,100.0,True
trafo,113,144,264,50,0.48,3,99.18,100.0,True
trafo,114,22,253,50,1.48,4,99.18,100.0,True
trafo,115,0,246,50,0.74,3,99.18666666666667,100.0,True
trafo,116,108,262,50,1.44,4,99.18666666666667,100.0,True
trafo,117,10,249,50,1.44,4,99.18666666666667,100.0,True
trafo,118,21,252,50,0.56,3,99.19333333333334,100.0,True
trafo,119,42,256,50,1.36,4,99.19333333333334,100.0,True
trafo,120,117,263,50,1.48,4,99.18666666666667,100.0,True
trafo,121,11,250,50,0.74,3,99.18666666666667,100.0,True
trafo,122,16,251,50,0.48,3,99.18,100.0,True
trafo,123,32,254,50,0.46,3,99.18,100.0,True
trafo,124,48,258,50,1.46,4,99.18,100.0,True
trafo,125,37,255,50,1.44,4,99.18,100.0,True
trafo,126,47,257,50,1.38,4,99.18666666666667,100.0,True
trafo,127,58,261,50,0.58,4,99.18,100.0,True
